Workbook
Name moderator: #REF!
Name participant: #REF!

Sheet 表紙
A1: プロジェクト名 | R1: 画面ID | AI1: 作成者 | AL1: =IF(AC8<>"", AC8, "") | AQ1: 更新者 | AT1: {=IF(AC9<>"", INDEX(AC1:AC35,MAX((AC:AC<>"")*ROW(AC:AC))), "")}
A2: 機能名 | R2: 画面名 | AI2: 作成日 | AL2: =IF(AH8<>"", AH8, "") | AQ2: 更新日 | AT2: {=IF(AH9<>"", INDEX(AH1:AH35,MAX((AH:AH<>"")*ROW(AH:AH))), "")}
A4: 単体テスト仕様書
C7: バージョン | G7: 変更内容 | AC7: 更新者 | AH7: 更新日 | AM7: 承認者 | AR7: 承認日

Sheet テスト仕様書兼成績書
A1: プロジェクト名 | X1: 画面ID | AC1: =IF(表紙!W1<>"",表紙!W1, "") | BB1: 作成者 | BE1: =IF(表紙!AL1<>"",表紙!AL1,"") | BL1: 更新者 | BO1: =IF(表紙!AT1<>"",表紙!AT1,"")
A2: 機能名 | X2: 画面名 | AC2: =IF(表紙!W2<>"", 表紙!W2, "") | BB2: 作成日 | BE2: =IF(表紙!AL2<>"",表紙!AL2,"") | BL2: 更新日 | BO2: =IF(表紙!AT2<>"",表紙!AT2,"")
AV4: 確認項目 | AX4: =COUNTA(A11:A300) -> 0 | BB4: 確認項目 | BD4: =AX6 -> 0 | BH4: 確認項目 | BJ4: =BD6 -> 0
AV5: OK | AX5: =COUNTIF($AX$11:$AX$9567,$AV$5) -> 0 | BB5: OK | BD5: =COUNTIF($BD$11:$BD$9567,$BB$5) -> 0 | BH5: OK | BJ5: =COUNTIF($BJ$11:$BJ$9567,$BH$5) -> 0
AV6: NG | AX6: =COUNTIF($AX$11:$AX$9567,$AV$6) -> 0 | BB6: NG | BD6: =COUNTIF($BD$11:$BD$9567,$BB$6) -> 0 | BH6: NG | BJ6: =COUNTIF($BJ$11:$BJ$9567,$BH$6) -> 0
AV7: - | AX7: =COUNTIF($AX$11:$AX$9567,$AV$7) -> 0 | BB7: - | BD7: =COUNTIF($BD$11:$BD$9567,$BB$7) -> 0 | BH7: - | BJ7: =COUNTIF($BJ$11:$BJ$9567,$BH$7) -> 0
AV8: 未実施 | AX8: =$AX$4-SUM(AX5:BA7) -> 0 | BB8: 未実施 | BD8: =$BD$4-SUM(BD5:BG7) -> 0 | BH8: 未実施 | BJ8: =$BJ$4-SUM(BJ5:BM7) -> 0
A9: No. | B9: 大区分 | F9: 中区分 | J9: テストケース | W9: 期待結果 | AP9: 参照元 | AV9: 1回目 | BB9: 2回目 | BH9: 3回目 | BN9: 補足
AV10: 日付 | AX10: 判定 | AZ10: 確認者 | BB10: 日付 | BD10: 判定 | BF10: 確認者 | BH10: 日付 | BJ10: 判定 | BL10: 確認者
